<?xml version="1.0" encoding="utf-8" ?><dwsync><file name="cutom_label.jpg" server="webdesignbyolga.com/wwwroot/responsive/" local="3433702977" remote="318763443860021712" Dst="-1" /><file name="facebook.png" server="webdesignbyolga.com/wwwroot/responsive/" local="3467123692" remote="318763443860021712" Dst="-1" /><file name="logo-small.jpg" server="webdesignbyolga.com/wwwroot/responsive/" local="3466988545" remote="318763443860021712" Dst="-1" /><file name="map.jpg" server="webdesignbyolga.com/wwwroot/responsive/" local="3433702530" remote="318763443860021712" Dst="-1" /><file name="logo.jpg" server="webdesignbyolga.com/wwwroot/responsive/" local="3466988515" remote="318763443860021712" Dst="-1" /><file name="news.jpg" server="webdesignbyolga.com/wwwroot/responsive/" local="3433703722" remote="318763443860021712" Dst="-1" /><file name="wine2.jpg" server="webdesignbyolga.com/wwwroot/responsive/" local="3432343602" remote="318763443860021712" Dst="-1" /><file name="wine_bottles2.jpg" server="webdesignbyolga.com/wwwroot/responsive/" local="3433702215" remote="318763443860021712" Dst="-1" /><file name="wine_glass2.jpg" server="webdesignbyolga.com/wwwroot/responsive/" local="3433679108" remote="318763443860021712" Dst="-1" /><file name="wine_bottles.jpg" server="webdesignbyolga.com/wwwroot/responsive/" local="3433701914" remote="318763443860021712" Dst="-1" /><file name="wine2.png" server="webdesignbyolga.com/wwwroot/responsive/" local="3467109100" remote="318763443860021712" Dst="-1" /></dwsync>